Atributo pavadinimas,Kiekis (Eiluèiø sk.),"Trûkstamos reikðmës, %",Kardinalumas,Minimali reikðmë,Maksimali reikðmë,1-asis kvartilis,3-asis kvartilis,Vidurkis,Mediana,Standartinis nuokrypis
X_1,1000,1.6,47,2,52,6.0,37.0,25.38617886178862,25.0,15.582351590044025
X_2,1000,2.7,9,0,10,2.0,6.0,4.358684480986639,4.0,2.900527243624629
X_3,1000,2.3,17,1,18,2.0,7.0,5.941598360655738,5.0,4.368400149500483
X_4,1000,12.1,17,0,18,2.0,7.0,4.994305239179955,5.0,3.8158424347260285
X_6,1000,1.7999999999999998,80,0,330,174.0,249.0,182.64424057084608,174.0,86.59888533221181
X_7,1000,1.7999999999999998,39,2,116,72.0,103.0,85.03571428571429,98.0,27.69419895876939
