Atributo pavadinimas,Kiekis (Eiluèiø sk.),"Trûkstamos reikðmës, %",Kardinalumas,Minimali reikðmë,Maksimali reikðmë,1-asis kvartilis,3-asis kvartilis,Vidurkis,Mediana,Standartinis nuokrypis
X_1,1000,15.0,48,2,52,6.0,37.0,25.375634517766496,25.375634517766496,15.585819469441716
X_2,1000,27.0,10,0,10,2.0,6.0,4.358684480986639,4.0,2.900527243624629
X_3,1000,23.0,18,1,18,2.0,7.0,5.941598360655738,5.0,4.368400149500483
X_6,1000,18.0,81,0,330,174.0,249.0,182.64424057084608,174.0,86.59888533221181
X_7,1000,18.0,40,2,116,72.0,103.0,85.03571428571429,98.0,27.69419895876939
