Atributo pavadinimas,Kiekis (Eiluèiø sk.),"Trûkstamos reikðmës, %",Kardinalumas,Minimali reikðmë,Maksimali reikðmë,1-asis kvartilis,3-asis kvartilis,Vidurkis,Mediana,Standartinis nuokrypis
X_1,1000,0%,47,2,52,6.0,37.0,25.417,26.0,15.686335167909679
X_2,1000,0%,9,0,10,2.0,6.0,4.347,4.0,2.930970999515348
X_3,1000,0%,17,1,18,2.0,8.0,5.935,5.0,4.414609269233235
X_4,1000,0%,17,0,18,2.0,7.0,4.964,5.0,4.035183267213523
X_5,1000,0%,37,0,142,29.0,107.0,76.194,80.0,42.35526371066529
X_6,1000,0%,81,0,330,174.0,249.0,183.576,174.0,87.38970319208093
X_7,1000,0%,40,2,116,72.0,103.0,85.058,98.0,27.875089883263154
